{"data_time": 0.017015051562339067, "eta_seconds": 7314.853165545501, "fast_rcnn/cls_accuracy": 0.04296875, "fast_rcnn/false_negative": 0.004629629629629629, "fast_rcnn/fg_cls_accuracy": 0.08475073313782991, "iteration": 19, "loss_box_reg": 0.6877978444099426, "loss_cls": 2.4719367027282715, "loss_rpn_cls": 0.06335622817277908, "loss_rpn_loc": 0.02511872723698616, "lr": 1.9981e-05, "roi_head/num_bg_samples": 104.875, "roi_head/num_fg_samples": 23.125, "rpn/num_neg_anchors": 238.375, "rpn/num_pos_anchors": 17.625, "time": 0.48830795497633517, "total_loss": 3.258642302826047}
{"data_time": 0.016583601012825966, "eta_seconds": 7295.4892730899155, "fast_rcnn/cls_accuracy": 0.759765625, "fast_rcnn/false_negative": 0.5803019903912148, "fast_rcnn/fg_cls_accuracy": 0.03632478632478633, "iteration": 39, "loss_box_reg": 0.6552215814590454, "loss_cls": 1.9891946911811829, "loss_rpn_cls": 0.04213062673807144, "loss_rpn_loc": 0.020542037673294544, "lr": 3.9961e-05, "roi_head/num_bg_samples": 106.125, "roi_head/num_fg_samples": 21.875, "rpn/num_neg_anchors": 241.125, "rpn/num_pos_anchors": 14.875, "time": 0.4873892213217914, "total_loss": 2.678057854762301}
{"data_time": 0.017239128472283483, "eta_seconds": 7295.288396514952, "fast_rcnn/cls_accuracy": 0.806640625, "fast_rcnn/false_negative": 1.0, "fast_rcnn/fg_cls_accuracy": 0.0, "iteration": 59, "loss_box_reg": 0.724677324295044, "loss_cls": 1.2843276262283325, "loss_rpn_cls": 0.07075334712862968, "loss_rpn_loc": 0.044737597927451134, "lr": 5.9940999999999994e-05, "roi_head/num_bg_samples": 103.25, "roi_head/num_fg_samples": 24.75, "rpn/num_neg_anchors": 230.0, "rpn/num_pos_anchors": 26.0, "time": 0.4887781641446054, "total_loss": 2.2121250070631504}
{"data_time": 0.01664780406281352, "eta_seconds": 7289.269605474547, "fast_rcnn/cls_accuracy": 0.8134765625, "fast_rcnn/false_negative": 1.0, "fast_rcnn/fg_cls_accuracy": 0.0, "iteration": 79, "loss_box_reg": 0.6985055208206177, "loss_cls": 0.7932101488113403, "loss_rpn_cls": 0.08737614378333092, "loss_rpn_loc": 0.024532313458621502, "lr": 7.992100000000001e-05, "roi_head/num_bg_samples": 104.125, "roi_head/num_fg_samples": 23.875, "rpn/num_neg_anchors": 240.0, "rpn/num_pos_anchors": 16.0, "time": 0.4904489170294255, "total_loss": 1.6226408146321774}
{"data_time": 0.01672399090602994, "eta_seconds": 7281.149891787209, "fast_rcnn/cls_accuracy": 0.8076171875, "fast_rcnn/false_negative": 1.0, "fast_rcnn/fg_cls_accuracy": 0.0, "iteration": 99, "loss_box_reg": 0.7220692932605743, "loss_cls": 0.7387484014034271, "loss_rpn_cls": 0.05537405423820019, "loss_rpn_loc": 0.02446090616285801, "lr": 9.9901e-05, "roi_head/num_bg_samples": 103.375, "roi_head/num_fg_samples": 24.625, "rpn/num_neg_anchors": 239.5, "rpn/num_pos_anchors": 16.5, "time": 0.4887547539547086, "total_loss": 1.5794227668084204}
{"data_time": 0.0171710760332644, "eta_seconds": 7275.265858322382, "fast_rcnn/cls_accuracy": 0.8056640625, "fast_rcnn/false_negative": 1.0, "fast_rcnn/fg_cls_accuracy": 0.0, "iteration": 119, "loss_box_reg": 0.7010850608348846, "loss_cls": 0.719627857208252, "loss_rpn_cls": 0.027604717761278152, "loss_rpn_loc": 0.019229890778660774, "lr": 0.00011988100000000001, "roi_head/num_bg_samples": 103.125, "roi_head/num_fg_samples": 24.875, "rpn/num_neg_anchors": 242.25, "rpn/num_pos_anchors": 13.75, "time": 0.48980667837895453, "total_loss": 1.5298372339457273}
{"data_time": 0.0169720274861902, "eta_seconds": 7266.390680102631, "fast_rcnn/cls_accuracy": 0.8095703125, "fast_rcnn/false_negative": 1.0, "fast_rcnn/fg_cls_accuracy": 0.0, "iteration": 139, "loss_box_reg": 0.6963686645030975, "loss_cls": 0.713947057723999, "loss_rpn_cls": 0.03950030170381069, "loss_rpn_loc": 0.03793005645275116, "lr": 0.000139861, "roi_head/num_bg_samples": 103.625, "roi_head/num_fg_samples": 24.375, "rpn/num_neg_anchors": 235.375, "rpn/num_pos_anchors": 20.625, "time": 0.49026125646196306, "total_loss": 1.571970528922975}
